{"cameraMode":{"drawMode":0,"name":"Shaded","section":"Shading Mode"},"sceneLighting":false,"audioPlay":false,"sceneViewState":{"showFog":true,"showMaterialUpdate":false,"showSkybox":false,"showFlares":true,"showImageEffects":true,"showParticleSystems":true,"showVisualEffectGraphs":true,"m_FxEnabled":true},"in2DMode":false,"pivot":{"x":0.7754529714584351,"y":4.3750319480896,"z":-14.502017974853516},"rotation":{"x":-0.023076515644788743,"y":-0.0217281524091959,"z":-0.0008144028251990676,"w":0.9990324974060059},"size":0.03306298330426216,"orthographic":false}