{"cameraMode":{"drawMode":0,"name":"Shaded","section":"Shading Mode"},"sceneLighting":false,"audioPlay":false,"sceneViewState":{"showFog":true,"showMaterialUpdate":false,"showSkybox":false,"showFlares":true,"showImageEffects":true,"showParticleSystems":true,"showVisualEffectGraphs":true,"m_FxEnabled":true},"in2DMode":false,"pivot":{"x":-0.4971729516983032,"y":0.5304542183876038,"z":-1.9403462409973145},"rotation":{"x":0.07135436683893204,"y":-0.03586089238524437,"z":-0.00045048995525576174,"w":0.9961661696434021},"size":0.2645045518875122,"orthographic":false}