{"cameraMode":{"drawMode":0,"name":"Shaded","section":"Shading Mode"},"sceneLighting":false,"audioPlay":false,"sceneViewState":{"showFog":true,"showMaterialUpdate":false,"showSkybox":false,"showFlares":true,"showImageEffects":true,"showParticleSystems":true,"showVisualEffectGraphs":true,"m_FxEnabled":true},"in2DMode":false,"pivot":{"x":0.05312013626098633,"y":-0.35429251194000246,"z":-0.08935421705245972},"rotation":{"x":-0.2363225668668747,"y":-0.38258448243141177,"z":0.10198955982923508,"w":-0.8870243430137634},"size":2.922459840774536,"orthographic":false}