{"cameraMode":{"drawMode":0,"name":"Shaded","section":"Shading Mode"},"sceneLighting":true,"audioPlay":false,"sceneViewState":{"showFog":true,"showMaterialUpdate":false,"showSkybox":true,"showFlares":true,"showImageEffects":true,"showParticleSystems":true,"showVisualEffectGraphs":true,"m_FxEnabled":true},"in2DMode":false,"pivot":{"x":-10.112842559814454,"y":10.191266059875489,"z":40.719573974609378},"rotation":{"x":0.20168840885162354,"y":0.6890315413475037,"z":-0.2092568278312683,"w":0.6638433933258057},"size":11.907264709472657,"orthographic":false}