{"cameraMode":{"drawMode":0,"name":"Shaded","section":"Shading Mode"},"sceneLighting":true,"audioPlay":false,"sceneViewState":{"showFog":true,"showMaterialUpdate":false,"showSkybox":true,"showFlares":true,"showImageEffects":true,"showParticleSystems":true,"showVisualEffectGraphs":true,"m_FxEnabled":true},"in2DMode":false,"pivot":{"x":0.31310462951660159,"y":4.766707897186279,"z":14.469438552856446},"rotation":{"x":0.17921675741672517,"y":-0.5483992695808411,"z":0.12164076417684555,"w":0.8073050379753113},"size":20.57594871520996,"orthographic":false}