{"cameraMode":{"drawMode":0,"name":"Shaded","section":"Shading Mode"},"sceneLighting":true,"audioPlay":false,"sceneViewState":{"showFog":true,"showMaterialUpdate":false,"showSkybox":true,"showFlares":true,"showImageEffects":true,"showParticleSystems":true,"showVisualEffectGraphs":true,"m_FxEnabled":true},"in2DMode":false,"pivot":{"x":2.0019264221191408,"y":4.754716873168945,"z":-1.9621684551239014},"rotation":{"x":-0.06230085715651512,"y":0.9074674248695374,"z":-0.13835589587688447,"w":-0.39016374945640566},"size":1.6423728466033936,"orthographic":false}