{"cameraMode":{"drawMode":0,"name":"Shaded","section":"Shading Mode"},"sceneLighting":true,"audioPlay":false,"sceneViewState":{"showFog":true,"showMaterialUpdate":false,"showSkybox":true,"showFlares":true,"showImageEffects":true,"showParticleSystems":true,"showVisualEffectGraphs":true,"m_FxEnabled":true},"in2DMode":false,"pivot":{"x":219.63128662109376,"y":396.0992736816406,"z":-8.427947998046875},"rotation":{"x":0.05785921588540077,"y":-0.007187629118561745,"z":0.00043564572115428746,"w":0.99819016456604},"size":411.6784973144531,"orthographic":false}