{"cameraMode":{"drawMode":0,"name":"Shaded","section":"Shading Mode"},"sceneLighting":true,"audioPlay":false,"sceneViewState":{"showFog":true,"showMaterialUpdate":false,"showSkybox":true,"showFlares":true,"showImageEffects":true,"showParticleSystems":true,"showVisualEffectGraphs":true,"m_FxEnabled":true},"in2DMode":false,"pivot":{"x":0.7283118963241577,"y":0.11798152327537537,"z":2.966614246368408},"rotation":{"x":-0.23440556228160859,"y":0.33776941895484927,"z":-0.08715108036994934,"w":-0.9068307280540466},"size":4.325472354888916,"orthographic":false}