{"cameraMode":{"drawMode":0,"name":"Shaded","section":"Shading Mode"},"sceneLighting":true,"audioPlay":false,"sceneViewState":{"showFog":true,"showMaterialUpdate":false,"showSkybox":true,"showFlares":true,"showImageEffects":true,"showParticleSystems":true,"showVisualEffectGraphs":true,"m_FxEnabled":true},"in2DMode":false,"pivot":{"x":6.111409664154053,"y":5.138830184936523,"z":10.95534610748291},"rotation":{"x":0.11160409450531006,"y":-0.05524219945073128,"z":0.0029083355329930784,"w":0.9915739297866821},"size":6.761914253234863,"orthographic":false}