{"cameraMode":{"drawMode":0,"name":"Shaded","section":"Shading Mode"},"sceneLighting":true,"audioPlay":false,"sceneViewState":{"showFog":true,"showMaterialUpdate":false,"showSkybox":true,"showFlares":true,"showImageEffects":true,"showParticleSystems":true,"showVisualEffectGraphs":true,"m_FxEnabled":true},"in2DMode":false,"pivot":{"x":4.446234703063965,"y":6.213901996612549,"z":3.434048652648926},"rotation":{"x":0.07252128422260285,"y":-0.026713067665696145,"z":0.00016639864770695567,"w":-0.996381402015686},"size":1.6423728466033936,"orthographic":false}