{"cameraMode":{"drawMode":0,"name":"Shaded","section":"Shading Mode"},"sceneLighting":true,"audioPlay":false,"sceneViewState":{"showFog":true,"showMaterialUpdate":false,"showSkybox":true,"showFlares":true,"showImageEffects":true,"showParticleSystems":true,"showVisualEffectGraphs":true,"m_FxEnabled":true},"in2DMode":false,"pivot":{"x":5.372420310974121,"y":-1.1668579578399659,"z":23.501052856445314},"rotation":{"x":-0.1867193728685379,"y":0.07320521771907807,"z":-0.013290380127727986,"w":-0.9790726900100708},"size":13.287703514099121,"orthographic":false}