{"cameraMode":{"drawMode":0,"name":"Shaded","section":"Shading Mode"},"sceneLighting":true,"audioPlay":false,"sceneViewState":{"showFog":true,"showMaterialUpdate":false,"showSkybox":true,"showFlares":true,"showImageEffects":true,"showParticleSystems":true,"showVisualEffectGraphs":true,"m_FxEnabled":true},"in2DMode":false,"pivot":{"x":-1.739425778388977,"y":0.9352359771728516,"z":22.065677642822267},"rotation":{"x":0.07135436683893204,"y":-0.03586089238524437,"z":-0.00045048995525576174,"w":0.9961661696434021},"size":12.303363800048829,"orthographic":false}