{"cameraMode":{"drawMode":0,"name":"Shaded","section":"Shading Mode"},"sceneLighting":true,"audioPlay":false,"sceneViewState":{"showFog":true,"showMaterialUpdate":false,"showSkybox":true,"showFlares":true,"showImageEffects":true,"showParticleSystems":true,"showVisualEffectGraphs":true,"m_FxEnabled":true},"in2DMode":false,"pivot":{"x":509.499267578125,"y":250.5550537109375,"z":795.0611572265625},"rotation":{"x":0.04886288568377495,"y":0.00012849968334194273,"z":-0.000017750468032318167,"w":0.9985185265541077},"size":596.786865234375,"orthographic":false}