{"cameraMode":{"drawMode":0,"name":"Shaded","section":"Shading Mode"},"sceneLighting":true,"audioPlay":false,"sceneViewState":{"showFog":true,"showMaterialUpdate":false,"showSkybox":true,"showFlares":true,"showImageEffects":true,"showParticleSystems":true,"showVisualEffectGraphs":true,"m_FxEnabled":true},"in2DMode":false,"pivot":{"x":5.4424872398376469,"y":5.912426948547363,"z":1.1854498386383057},"rotation":{"x":0.31914570927619936,"y":-0.3359495997428894,"z":0.11798080056905747,"w":0.8775579929351807},"size":1.0423729419708253,"orthographic":false}