{"cameraMode":{"drawMode":0,"name":"Shaded","section":"Shading Mode"},"sceneLighting":true,"audioPlay":false,"sceneViewState":{"showFog":true,"showMaterialUpdate":false,"showSkybox":true,"showFlares":true,"showImageEffects":true,"showParticleSystems":true,"showVisualEffectGraphs":true,"m_FxEnabled":true},"in2DMode":false,"pivot":{"x":2.8531436920166017,"y":-1.0241241455078126,"z":20.38313865661621},"rotation":{"x":0.15318185091018678,"y":0.34971556067466738,"z":-0.061487339437007907,"w":0.921511173248291},"size":12.934021949768067,"orthographic":false}