{"cameraMode":{"drawMode":0,"name":"Shaded","section":"Shading Mode"},"sceneLighting":true,"audioPlay":false,"sceneViewState":{"showFog":true,"showMaterialUpdate":false,"showSkybox":true,"showFlares":true,"showImageEffects":true,"showParticleSystems":true,"showVisualEffectGraphs":true,"m_FxEnabled":true},"in2DMode":false,"pivot":{"x":16.578033447265626,"y":4.4675092697143559,"z":76.08570861816406},"rotation":{"x":0.06873376667499542,"y":0.7001157402992249,"z":-0.06807208806276322,"w":0.7072928547859192},"size":21.943620681762697,"orthographic":false}