{"cameraMode":{"drawMode":0,"name":"Shaded","section":"Shading Mode"},"sceneLighting":true,"audioPlay":false,"sceneViewState":{"showFog":true,"showMaterialUpdate":false,"showSkybox":true,"showFlares":true,"showImageEffects":true,"showParticleSystems":true,"showVisualEffectGraphs":true,"m_FxEnabled":true},"in2DMode":false,"pivot":{"x":344.0779724121094,"y":238.7152557373047,"z":216.582275390625},"rotation":{"x":0.09522368013858795,"y":-0.020601995289325715,"z":0.0019906507804989816,"w":0.9951322674751282},"size":458.35687255859377,"orthographic":false}