{"cameraMode":{"drawMode":0,"name":"Shaded","section":"Shading Mode"},"sceneLighting":false,"audioPlay":false,"sceneViewState":{"showFog":true,"showMaterialUpdate":false,"showSkybox":false,"showFlares":true,"showImageEffects":true,"showParticleSystems":true,"showVisualEffectGraphs":true,"m_FxEnabled":true},"in2DMode":false,"pivot":{"x":-0.21793611347675324,"y":6.785646915435791,"z":41.386993408203128},"rotation":{"x":0.001063814153894782,"y":-0.9690517783164978,"z":-0.24548424780368806,"w":-0.005482628475874662},"size":0.43808692693710329,"orthographic":false}