{"cameraMode":{"drawMode":0,"name":"Shaded","section":"Shading Mode"},"sceneLighting":false,"audioPlay":false,"sceneViewState":{"showFog":true,"showMaterialUpdate":false,"showSkybox":false,"showFlares":true,"showImageEffects":true,"showParticleSystems":true,"showVisualEffectGraphs":true,"m_FxEnabled":true},"in2DMode":false,"pivot":{"x":-0.18000000715255738,"y":0.008000001311302185,"z":2.882999897003174},"rotation":{"x":-0.19297635555267335,"y":0.3899203836917877,"z":-0.08083603531122208,"w":-0.8960553407669067},"size":1.1198453903198243,"orthographic":false}