{"cameraMode":{"drawMode":0,"name":"Shaded","section":"Shading Mode"},"sceneLighting":false,"audioPlay":false,"sceneViewState":{"showFog":true,"showMaterialUpdate":false,"showSkybox":false,"showFlares":true,"showImageEffects":true,"showParticleSystems":true,"showVisualEffectGraphs":true,"m_FxEnabled":true},"in2DMode":false,"pivot":{"x":358.5426940917969,"y":330.69635009765627,"z":6.00323486328125},"rotation":{"x":0.10419668257236481,"y":0.006265360862016678,"z":-0.0006371193449012935,"w":0.9944276213645935},"size":290.1901550292969,"orthographic":false}