{"cameraMode":{"drawMode":0,"name":"Shaded","section":"Shading Mode"},"sceneLighting":false,"audioPlay":false,"sceneViewState":{"showFog":true,"showMaterialUpdate":false,"showSkybox":false,"showFlares":true,"showImageEffects":true,"showParticleSystems":true,"showVisualEffectGraphs":true,"m_FxEnabled":true},"in2DMode":false,"pivot":{"x":519.88134765625,"y":301.8066101074219,"z":17.12009048461914},"rotation":{"x":-0.009599359706044197,"y":-0.0027013940270990135,"z":-0.000006678933459625114,"w":0.9998396635055542},"size":331.1551818847656,"orthographic":false}