{"cameraMode":{"drawMode":0,"name":"Shaded","section":"Shading Mode"},"sceneLighting":false,"audioPlay":false,"sceneViewState":{"showFog":true,"showMaterialUpdate":false,"showSkybox":false,"showFlares":true,"showImageEffects":true,"showParticleSystems":true,"showVisualEffectGraphs":true,"m_FxEnabled":true},"in2DMode":false,"pivot":{"x":389.0685119628906,"y":277.60687255859377,"z":-12.799591064453125},"rotation":{"x":0.08029519021511078,"y":-0.014650512486696244,"z":0.0011993760708719493,"w":0.996553897857666},"size":241.3771514892578,"orthographic":false}