{"cameraMode":{"drawMode":0,"name":"Shaded","section":"Shading Mode"},"sceneLighting":false,"audioPlay":false,"sceneViewState":{"showFog":true,"showMaterialUpdate":false,"showSkybox":false,"showFlares":true,"showImageEffects":true,"showParticleSystems":true,"showVisualEffectGraphs":true,"m_FxEnabled":true},"in2DMode":false,"pivot":{"x":3.9985313415527345,"y":1.6599998474121094,"z":-3.9781596660614015},"rotation":{"x":0.07125259190797806,"y":-0.8162811994552612,"z":0.09841478615999222,"w":0.5641823410987854},"size":1.6583125591278077,"orthographic":false}