{"cameraMode":{"drawMode":0,"name":"Shaded","section":"Shading Mode"},"sceneLighting":false,"audioPlay":false,"sceneViewState":{"showFog":true,"showMaterialUpdate":false,"showSkybox":false,"showFlares":true,"showImageEffects":true,"showParticleSystems":true,"showVisualEffectGraphs":true,"m_FxEnabled":true},"in2DMode":false,"pivot":{"x":309.9641418457031,"y":181.06536865234376,"z":-23.161865234375},"rotation":{"x":0.08927031606435776,"y":0.0032865337561815979,"z":-0.00027533122920431197,"w":0.9958935976028442},"size":210.23561096191407,"orthographic":false}