{"cameraMode":{"drawMode":0,"name":"Shaded","section":"Shading Mode"},"sceneLighting":false,"audioPlay":false,"sceneViewState":{"showFog":true,"showMaterialUpdate":false,"showSkybox":false,"showFlares":true,"showImageEffects":true,"showParticleSystems":true,"showVisualEffectGraphs":true,"m_FxEnabled":true},"in2DMode":false,"pivot":{"x":392.2029724121094,"y":323.68817138671877,"z":0.8414297103881836},"rotation":{"x":0.09673735499382019,"y":0.00029875076143071055,"z":-0.000009799175131774973,"w":0.995201051235199},"size":410.0647277832031,"orthographic":false}