{"cameraMode":{"drawMode":0,"name":"Shaded","section":"Shading Mode"},"sceneLighting":false,"audioPlay":false,"sceneViewState":{"showFog":true,"showMaterialUpdate":false,"showSkybox":false,"showFlares":true,"showImageEffects":true,"showParticleSystems":true,"showVisualEffectGraphs":true,"m_FxEnabled":true},"in2DMode":false,"pivot":{"x":270.5592346191406,"y":152.51779174804688,"z":-30.0042724609375},"rotation":{"x":0.09673735499382019,"y":0.00029875076143071055,"z":-0.000009799175131774973,"w":0.995201051235199},"size":225.30422973632813,"orthographic":false}