{"cameraMode":{"drawMode":0,"name":"Shaded","section":"Shading Mode"},"sceneLighting":false,"audioPlay":false,"sceneViewState":{"showFog":true,"showMaterialUpdate":false,"showSkybox":false,"showFlares":true,"showImageEffects":true,"showParticleSystems":true,"showVisualEffectGraphs":true,"m_FxEnabled":true},"in2DMode":false,"pivot":{"x":0.16576488316059113,"y":-0.2642715573310852,"z":1.587085485458374},"rotation":{"x":0.23908811807632447,"y":-0.054397616535425189,"z":0.013423421420156956,"w":0.9693924784660339},"size":1.0313215255737305,"orthographic":false}