{"cameraMode":{"drawMode":0,"name":"Shaded","section":"Shading Mode"},"sceneLighting":false,"audioPlay":false,"sceneViewState":{"showFog":true,"showMaterialUpdate":false,"showSkybox":false,"showFlares":true,"showImageEffects":true,"showParticleSystems":true,"showVisualEffectGraphs":true,"m_FxEnabled":true},"in2DMode":false,"pivot":{"x":-0.08716070652008057,"y":-0.8154964447021484,"z":2.3183341026306154},"rotation":{"x":0.27361825108528139,"y":-0.06539507210254669,"z":0.018662728369235994,"w":0.9594425559043884},"size":2.5313212871551515,"orthographic":false}