{"cameraMode":{"drawMode":0,"name":"Shaded","section":"Shading Mode"},"sceneLighting":false,"audioPlay":false,"sceneViewState":{"showFog":true,"showMaterialUpdate":false,"showSkybox":false,"showFlares":true,"showImageEffects":true,"showParticleSystems":true,"showVisualEffectGraphs":true,"m_FxEnabled":true},"in2DMode":false,"pivot":{"x":0.0023201704025268556,"y":-0.13623660802841187,"z":-0.004640340805053711},"rotation":{"x":-0.23789799213409425,"y":-0.37803202867507937,"z":0.1018434464931488,"w":-0.8883051872253418},"size":1.6049046516418458,"orthographic":false}