{"cameraMode":{"drawMode":0,"name":"Shaded","section":"Shading Mode"},"sceneLighting":false,"audioPlay":false,"sceneViewState":{"showFog":true,"showMaterialUpdate":false,"showSkybox":false,"showFlares":true,"showImageEffects":true,"showParticleSystems":true,"showVisualEffectGraphs":true,"m_FxEnabled":true},"in2DMode":false,"pivot":{"x":547.9042358398438,"y":392.62127685546877,"z":-99.32235717773438},"rotation":{"x":0.009897898882627488,"y":-0.004201385658234358,"z":0.000042301384382881224,"w":0.9998303651809692},"size":340.0970764160156,"orthographic":false}