{"cameraMode":{"drawMode":0,"name":"Shaded","section":"Shading Mode"},"sceneLighting":false,"audioPlay":false,"sceneViewState":{"showFog":true,"showMaterialUpdate":false,"showSkybox":false,"showFlares":true,"showImageEffects":true,"showParticleSystems":true,"showVisualEffectGraphs":true,"m_FxEnabled":true},"in2DMode":false,"pivot":{"x":7.000687599182129,"y":7.265603542327881,"z":0.2750908136367798},"rotation":{"x":0.20191270112991334,"y":0.010718761943280697,"z":-0.0037145528476685287,"w":0.9790590405464172},"size":0.6245287656784058,"orthographic":false}