{"cameraMode":{"drawMode":0,"name":"Shaded","section":"Shading Mode"},"sceneLighting":false,"audioPlay":false,"sceneViewState":{"showFog":true,"showMaterialUpdate":false,"showSkybox":false,"showFlares":true,"showImageEffects":true,"showParticleSystems":true,"showVisualEffectGraphs":true,"m_FxEnabled":true},"in2DMode":false,"pivot":{"x":0.18124806880950929,"y":0.5485362410545349,"z":1.1550993919372559},"rotation":{"x":-0.23523853719234467,"y":0.1021055281162262,"z":-0.024858862161636354,"w":-0.9662442207336426},"size":1.335784673690796,"orthographic":false}