{"cameraMode":{"drawMode":0,"name":"Shaded","section":"Shading Mode"},"sceneLighting":false,"audioPlay":false,"sceneViewState":{"showFog":true,"showMaterialUpdate":false,"showSkybox":false,"showFlares":true,"showImageEffects":true,"showParticleSystems":true,"showVisualEffectGraphs":true,"m_FxEnabled":true},"in2DMode":false,"pivot":{"x":0.07324522733688355,"y":6.989631175994873,"z":45.241844177246097},"rotation":{"x":-0.13312576711177827,"y":0.11202935129404068,"z":-0.014798441901803017,"w":-0.9842758178710938},"size":1.3750039339065552,"orthographic":false}