{"cameraMode":{"drawMode":0,"name":"Shaded","section":"Shading Mode"},"sceneLighting":false,"audioPlay":false,"sceneViewState":{"showFog":true,"showMaterialUpdate":false,"showSkybox":false,"showFlares":true,"showImageEffects":true,"showParticleSystems":true,"showVisualEffectGraphs":true,"m_FxEnabled":true},"in2DMode":false,"pivot":{"x":0.07324522733688355,"y":6.989631175994873,"z":45.241844177246097},"rotation":{"x":-0.11975068598985672,"y":-0.24077382683753968,"z":0.030349688604474069,"w":-0.9623177647590637},"size":1.3750039339065552,"orthographic":false}