{"cameraMode":{"drawMode":0,"name":"Shaded","section":"Shading Mode"},"sceneLighting":false,"audioPlay":false,"sceneViewState":{"showFog":true,"showMaterialUpdate":false,"showSkybox":true,"showFlares":true,"showImageEffects":true,"showParticleSystems":true,"showVisualEffectGraphs":true,"m_FxEnabled":true},"in2DMode":false,"pivot":{"x":0.2623426914215088,"y":1.3794875144958497,"z":2.5668387413024904},"rotation":{"x":0.03890542685985565,"y":0.9522578716278076,"z":-0.27002421021461489,"w":0.1371425837278366},"size":4.234340190887451,"orthographic":false}